model_name,video_id,split,quality_label,mean_visible_keypoint_ratio,fully_tracked_frame_ratio,mean_confidence,temporal_jitter_proxy,processed_frames,inference_seconds,effective_fps
MediaPipe BlazePose,33166_1,train,knees_forward,0.9823529411764708,0.7,0.9357181787490844,0.042644139233344,30,0.6724096340003598,44.615660578093305
MediaPipe BlazePose,48484_7,train,knees_forward,0.6196078431372549,0.0,0.9396742582321168,0.2252252306863857,30,0.6368104190005397,47.10978197731808
MediaPipe BlazePose,47614_1,test,knees_inward,0.8372549019607844,0.0,0.9380012154579164,0.0345015038368474,30,0.6407075259994599,46.8232364731506
MediaPipe BlazePose,47099_1,train,knees_inward,0.7098039215686278,0.0,0.9622796177864076,0.0778687380488137,30,0.6161015219986439,48.6932736388631
MediaPipe BlazePose,49203_1,test,multiple_annotated_errors,0.4647058823529412,0.0,0.9193716645240784,0.3084562325185424,30,0.6269945140011259,47.847308596939534
MediaPipe BlazePose,37691_1,train,multiple_annotated_errors,0.815686274509804,0.1333333333333333,0.963168203830719,0.3948580994963688,30,0.5894515700019838,50.8947664689383
MediaPipe BlazePose,46627_3,train,no_annotated_error,0.7294117647058825,0.0,0.9126087427139282,0.0620727964242611,30,0.6059406519998447,49.509799187409016
MediaPipe BlazePose,50559_2,val,no_annotated_error,0.4450980392156863,0.0666666666666666,0.9193809032440186,0.1800983509508067,30,0.6035162970001693,49.70868251465227
YOLO11n-pose,33166_1,train,knees_forward,0.8392156862745099,0.0,0.9455901384353638,0.0481827872425435,30,1.8141012550004236,16.537114407096862
YOLO11n-pose,48484_7,train,knees_forward,0.6019607843137254,0.0,0.9135482907295228,0.2228883363963479,30,1.540660784998181,19.472164341507156
YOLO11n-pose,47614_1,test,knees_inward,0.7843137254901964,0.0,0.9233783483505248,0.0267761742708856,30,1.1165559889996075,26.86833467874628
YOLO11n-pose,47099_1,train,knees_inward,0.750980392156863,0.0,0.9213008284568788,0.0798711388197026,30,1.1494966440004646,26.098379805263598
YOLO11n-pose,49203_1,test,multiple_annotated_errors,0.7098039215686277,0.0,0.9179699420928956,0.0870037069790261,30,1.1394956119984272,26.32743793316284
YOLO11n-pose,37691_1,train,multiple_annotated_errors,0.7803921568627453,0.0,0.9234033823013306,0.1050895544240753,30,1.3410361669994018,22.3707613099844
YOLO11n-pose,46627_3,train,no_annotated_error,0.6941176470588238,0.0,0.8701357841491699,0.0856418801083374,30,1.3787470429997484,21.758886194764788
YOLO11n-pose,50559_2,val,no_annotated_error,0.7058823529411763,0.0,0.8812165260314941,0.520157717335723,30,1.1348517600017658,26.43517070454499
MoveNet Lightning,33166_1,train,knees_forward,0.7529411764705886,0.0,0.701119601726532,0.0399330973934636,30,0.2667879450018517,112.44885896096906
MoveNet Lightning,48484_7,train,knees_forward,0.1254901960784313,0.0,0.5532886981964111,0.0591995178276522,30,0.1877478290007275,159.78879840940132
MoveNet Lightning,47614_1,test,knees_inward,0.9588235294117649,0.4666666666666667,0.7253592610359192,0.0220319038183948,30,0.1969339389979723,152.335347338525
MoveNet Lightning,47099_1,train,knees_inward,0.288235294117647,0.0,0.6030216217041016,0.1956217379176447,30,0.196144749999803,152.94826907184682
MoveNet Lightning,49203_1,test,multiple_annotated_errors,0.2588235294117647,0.0,0.571979284286499,0.1714856705201277,30,0.1868853619998844,160.5262160661815
MoveNet Lightning,37691_1,train,multiple_annotated_errors,0.3352941176470587,0.0,0.6377502083778381,0.1124641605624383,30,0.1856194799984223,161.62096780065858
MoveNet Lightning,46627_3,train,no_annotated_error,0.6882352941176474,0.0,0.6807701587677002,0.0400490631158153,30,0.1951813800005766,153.70318623585598
MoveNet Lightning,50559_2,val,no_annotated_error,0.1627450980392157,0.0,0.6248723268508911,0.1265838856189831,30,0.186052037999616,161.2452103322938
MoveNet Thunder,33166_1,train,knees_forward,0.9568627450980391,0.5333333333333333,0.7524926662445068,0.0358865489603481,30,0.6300393620003888,47.6160725970348
MoveNet Thunder,48484_7,train,knees_forward,0.3372549019607843,0.0,0.6209923028945923,0.0877942810030085,30,0.6195779620029498,48.42005661889112
MoveNet Thunder,47614_1,test,knees_inward,0.9254901960784314,0.0,0.7687841653823853,0.0186341038059218,30,0.6576944419975916,45.613887064154106
MoveNet Thunder,47099_1,train,knees_inward,0.4705882352941177,0.0,0.6115444302558899,0.0690194405493538,30,0.647745918999135,46.31445620893223
MoveNet Thunder,49203_1,test,multiple_annotated_errors,0.1686274509803921,0.0,0.6437669992446899,0.0549608404615066,30,0.6539729249998345,45.87345875214573
MoveNet Thunder,37691_1,train,multiple_annotated_errors,0.3999999999999999,0.0,0.6409286856651306,0.1300947800137544,30,0.6037471410018043,49.68967629431863
MoveNet Thunder,46627_3,train,no_annotated_error,0.7882352941176473,0.0,0.7169743776321411,0.041395589959818,30,0.641827875002491,46.74150370904904
MoveNet Thunder,50559_2,val,no_annotated_error,0.3509803921568627,0.0,0.6400277614593506,0.0885433191796514,30,0.647209886003111,46.35281482683624
ViTPose Base,33166_1,train,knees_forward,1.0,1.0,0.902022659778595,0.0416563620938402,30,2.705756544997712,11.087472025324203
ViTPose Base,48484_7,train,knees_forward,0.8372549019607844,0.0,0.8470414876937866,0.0998573588033821,30,2.678364936997241,11.200863476667784
ViTPose Base,47614_1,test,knees_inward,1.0,1.0,0.918701946735382,0.0189347346928339,30,2.6830356629980088,11.181364606416812
ViTPose Base,47099_1,train,knees_inward,0.915686274509804,0.2333333333333333,0.8398025631904602,0.0786835726273831,30,2.6282722750001994,11.41434252659296
ViTPose Base,49203_1,test,multiple_annotated_errors,0.7882352941176471,0.0,0.736084520816803,0.176178588848593,30,2.726263191998441,11.004073300057652
ViTPose Base,37691_1,train,multiple_annotated_errors,0.8666666666666668,0.2,0.7621687054634094,0.1959466911105978,30,2.7367851760027406,10.961766478075209
ViTPose Base,46627_3,train,no_annotated_error,0.9882352941176472,0.8333333333333334,0.8718416094779968,0.0478868273508516,30,2.7422286449982494,10.9400067914538
ViTPose Base,50559_2,val,no_annotated_error,0.4941176470588234,0.0,0.7324198484420776,0.1334070643943749,30,2.749622248000378,10.910589635291558
ViTPose++ Small,33166_1,train,knees_forward,1.0,1.0,0.8881645798683167,0.0377973148132387,30,1.4420529670023825,20.80367412742228
ViTPose++ Small,48484_7,train,knees_forward,0.7803921568627452,0.0,0.8028504848480225,0.0683665926950225,30,1.3540560740002547,22.15565557146517
ViTPose++ Small,47614_1,test,knees_inward,1.0,1.0,0.8863008618354797,0.0184703039981805,30,1.361136997002177,22.040397157724176
ViTPose++ Small,47099_1,train,knees_inward,0.7882352941176473,0.1,0.8173530697822571,0.0766461008585557,30,1.345897604998754,22.289957191823497
ViTPose++ Small,49203_1,test,multiple_annotated_errors,0.7647058823529413,0.0333333333333333,0.7290079593658447,0.103683366751987,30,1.3831949339983112,21.68891691446625
ViTPose++ Small,37691_1,train,multiple_annotated_errors,0.7098039215686274,0.0,0.7128688097000122,0.1252248235240469,30,1.3207589619996725,22.714212708864768
ViTPose++ Small,46627_3,train,no_annotated_error,0.9588235294117649,0.4666666666666667,0.866148054599762,0.0425263887628779,30,1.3365201119995618,22.446351334823635
ViTPose++ Small,50559_2,val,no_annotated_error,0.4098039215686274,0.1666666666666666,0.760304868221283,0.1644853384853744,30,1.3664796960001695,21.95422302125174
